<?xml version="1.0" encoding="UTF-8"?>
<beans:beans xmlns="http://www.springframework.org/schema/mvc"
	xmlns:xsi="http://www.w3.org/2001/XMLSchema-instance"
	xmlns:beans="http://www.springframework.org/schema/beans"
	xmlns:context="http://www.springframework.org/schema/context"
	xsi:schemaLocation="http://www.springframework.org/schema/mvc http://www.springframework.org/schema/mvc/spring-mvc.xsd
		http://www.springframework.org/schema/beans http://www.springframework.org/schema/beans/spring-beans.xsd
		http://www.springframework.org/schema/context http://www.springframework.org/schema/context/spring-context.xsd">

	<!-- DispatcherServlet Context: defines this servlet's request-processing infrastructure -->
	<!-- <beans:import resource="context.xml"/> -->
	
	<!-- Enables the Spring MVC @Controller programming model -->
	<annotation-driven />

	<!-- Handles HTTP GET requests for /resources/** by efficiently serving up static resources in the ${webappRoot}/resources directory -->
	<!-- <resources mapping="/resources/**" location="/resources/" /> -->

	<!-- Resolves views selected for rendering by @Controllers to .jsp resources in the /WEB-INF/views directory -->
	<beans:bean class="org.springframework.web.servlet.view.InternalResourceViewResolver">
		<beans:property name="viewClass" value="com.jp.hr.interceptors.JstlView" />
		<beans:property name="prefix" value="/WEB-INF/jsps/" />
		<beans:property name="suffix" value=".jsp" />
	</beans:bean>
	
	<!-- <beans:bean class="org.springframework.web.servlet.handler.BeanNameUrlHandlerMapping">
		<beans:property name="interceptors">
			<beans:list>
				<beans:bean class="com.jp.hr.interceptors.DateInsertionInterceptor" />
			</beans:list>
		</beans:property>
	</beans:bean> -->
	<interceptors>
		<interceptor>
			<mapping path="/*.hr" />
			<beans:bean class="com.jp.hr.interceptors.DateInsertionInterceptor"></beans:bean>
		</interceptor>
	</interceptors>
	
	<context:component-scan base-package="com.jp.hr.controllers" />

</beans:beans>
