<?xml version="1.0" encoding="UTF-8"?> 


<!-- It is schema style configuration for Spring 2.5  -->
<beans xmlns="http://www.springframework.org/schema/beans"
	xmlns:xsi="http://www.w3.org/2001/XMLSchema-instance"
	xmlns:context="http://www.springframework.org/schema/context"
	xsi:schemaLocation="http://www.springframework.org/schema/beans http://www.springframework.org/schema/beans/spring-beans.xsd
		http://www.springframework.org/schema/context http://www.springframework.org/schema/context/spring-context.xsd">
   
    <context:component-scan base-package="com.jp.hr.services, com.jp.hr.daos" />
    
    <bean id="ds"
        class="org.springframework.jdbc.datasource.DriverManagerDataSource"> 
	    <property name="driverClassName" value="oracle.jdbc.OracleDriver"/>
	    <property name="url" value="jdbc:oracle:thin:@localhost:1521:XE"/>
	    <property name="username" value="scott"/>
	    <property name="password" value="lion"/>
    </bean>
    
   	<!-- <bean id="service" class="com.java.MyApplServices">
		<constructor-arg ref="dao">
		</constructor-arg>
   </bean> -->
   
   <!-- <bean id="commonData" class="com.java.CommonAttributes" scope="singleton">
		<constructor-arg>
			<value>J. P. Morgan Chase Ltd.</value>
		</constructor-arg>
		<constructor-arg>
			<value>Mumbai</value>
		</constructor-arg>
		<constructor-arg>
			<value>39</value>
		</constructor-arg>
   </bean> -->
   
  <!--   <bean id="dao" class="com.java.MyApplDao" lazy-init="true">
	By default, singleton is true
	If no constructor or property child is specified, no-arg constructor is invoked.
   </bean> -->
</beans>
