<beans:beans xmlns="http://www.springframework.org/schema/security"
	xmlns:beans="http://www.springframework.org/schema/beans" 
	xmlns:xsi="http://www.w3.org/2001/XMLSchema-instance"
	xsi:schemaLocation="http://www.springframework.org/schema/beans
	http://www.springframework.org/schema/beans/spring-beans-3.0.xsd
	http://www.springframework.org/schema/security
	http://www.springframework.org/schema/security/spring-security-3.2.xsd">
 
	<http auto-config="true">
		<intercept-url pattern="/admin**" access="ROLE_USER" />
		<!--<http-basic />  This tag is essential to trigger Windows dialog box for accepting credentials.  If not given, Spring uses its own login page. -->
	</http>
 	
 	<global-method-security secured-annotations="enabled" />
 	<!-- <global-method-security pre-post-annotations="enabled" /> -->
 	<!-- <global-method-security>
 		<protect-pointcut expression="execution(* com.company.daos.*Dao.*(..))" access="ROLE_TELLER"/>  ROLE_USER
 	</global-method-security> -->
 	
	<authentication-manager>
	  <authentication-provider>
	    <user-service>
			<user name="chandra" password="123" authorities="ROLE_USER" />
	    </user-service>
	  </authentication-provider>
	</authentication-manager>
</beans:beans>